<?xml version="1.0"?>
<ITEM><SUPERADMIN_NAME>Micha&#x142;</SUPERADMIN_NAME><SUPERADMIN_EMAIL>michal.rogulski@doran.info.pl</SUPERADMIN_EMAIL><RECIPIENT_NAME>info@doran.info.pl</RECIPIENT_NAME><RECIPIENT_EMAIL>info@doran.info.pl</RECIPIENT_EMAIL><CC_STATUS>1</CC_STATUS><ATTACHMENTS_STATUS>0</ATTACHMENTS_STATUS><WYSIHTML5_EDITOR>1</WYSIHTML5_EDITOR><CAPTCHA_TYPE>0</CAPTCHA_TYPE><RECAPTCHA_STATUS>0</RECAPTCHA_STATUS><RECAPTCHA_PUBLIC_KEY>6Ldz6OgSAAAAAGgYwOZEH4E-9V0EK9e8zjmVmMoi</RECAPTCHA_PUBLIC_KEY><RECAPTCHA_PRIVATE_KEY>6Ldz6OgSAAAAADR6CmMpe6qUEgLeQ7xCQ-5FUqAC</RECAPTCHA_PRIVATE_KEY><SMTP_STATUS>0</SMTP_STATUS><SMTP_HOST>localhost</SMTP_HOST><SMTP_PORT>25</SMTP_PORT><SMTP_AUTH>1</SMTP_AUTH><SMTP_USERNAME>rosko</SMTP_USERNAME><SMTP_PASSWORD/></ITEM>
