<?xml version="1.0"?>
<channel><item><url>index_en</url><pubDate><![CDATA[Tue, 03 Dec 2013 14:07:47 +0100]]></pubDate><title><![CDATA[Welcome]]></title><url><![CDATA[index_en]]></url><meta><![CDATA[]]></meta><metad><![CDATA[]]></metad><menu><![CDATA[Home]]></menu><menuOrder><![CDATA[0]]></menuOrder><menuStatus><![CDATA[Y]]></menuStatus><template><![CDATA[template.php]]></template><author><![CDATA[rosko]]></author><parent><![CDATA[]]></parent><private><![CDATA[]]></private><slug><![CDATA[index_en]]></slug><filename><![CDATA[index_en.xml]]></filename></item><item><url>news-20131204-1153</url><pubDate><![CDATA[Wed, 04 Dec 2013 11:54:04 +0100]]></pubDate><title><![CDATA[Nowy news]]></title><url><![CDATA[news-20131204-1153]]></url><metad><![CDATA[]]></metad><menu><![CDATA[]]></menu><menuOrder><![CDATA[0]]></menuOrder><menuStatus><![CDATA[]]></menuStatus><template><![CDATA[news.php]]></template><parent><![CDATA[index]]></parent><private><![CDATA[]]></private><author><![CDATA[rosko]]></author><meta><![CDATA[_special_news, news]]></meta><special><![CDATA[news]]></special><creDate><![CDATA[Wed, 04 Dec 2013 11:54:04 +0100]]></creDate><user><![CDATA[rosko]]></user><slug><![CDATA[news-20131204-1153]]></slug><filename><![CDATA[news-20131204-1153.xml]]></filename></item><item><url>index_ru</url><pubDate><![CDATA[Thu, 05 Dec 2013 13:22:44 +0100]]></pubDate><title><![CDATA[Ruska strona główna]]></title><url><![CDATA[index_ru]]></url><meta><![CDATA[]]></meta><metad><![CDATA[]]></metad><menuOrder><![CDATA[0]]></menuOrder><menuStatus><![CDATA[]]></menuStatus><template><![CDATA[template.php]]></template><author><![CDATA[rosko]]></author><parent><![CDATA[]]></parent><private><![CDATA[]]></private><menu><![CDATA[]]></menu><creDate><![CDATA[Thu, 05 Dec 2013 13:22:44 +0100]]></creDate><user><![CDATA[rosko]]></user><slug><![CDATA[index_ru]]></slug><filename><![CDATA[index_ru.xml]]></filename></item><item><url>index</url><pubDate><![CDATA[Wed, 04 Dec 2013 14:29:17 +0100]]></pubDate><title><![CDATA[Strona główna]]></title><url><![CDATA[index]]></url><meta><![CDATA[getsimple, easy, content management system]]></meta><metad><![CDATA[]]></metad><menu><![CDATA[Główna]]></menu><menuOrder><![CDATA[0]]></menuOrder><menuStatus><![CDATA[Y]]></menuStatus><template><![CDATA[homepage.php]]></template><parent><![CDATA[]]></parent><private><![CDATA[]]></private><author><![CDATA[rosko]]></author><creDate><![CDATA[Tue, 03 Dec 2013 17:13:54 +0100]]></creDate><user><![CDATA[rosko]]></user><slug><![CDATA[index]]></slug><filename><![CDATA[index.xml]]></filename></item><item><url>contact</url><pubDate><![CDATA[Thu, 05 Dec 2013 17:37:57 +0100]]></pubDate><title><![CDATA[Kontakt]]></title><url><![CDATA[contact]]></url><meta><![CDATA[]]></meta><metad><![CDATA[]]></metad><menu><![CDATA[Kontakt]]></menu><menuStatus><![CDATA[Y]]></menuStatus><template><![CDATA[template.php]]></template><parent><![CDATA[]]></parent><private><![CDATA[]]></private><author><![CDATA[doran]]></author><menuOrder><![CDATA[5]]></menuOrder><creDate><![CDATA[Tue, 03 Dec 2013 17:24:48 +0100]]></creDate><user><![CDATA[doran]]></user><slug><![CDATA[contact]]></slug><filename><![CDATA[contact.xml]]></filename></item><item><url>miscanthus</url><pubDate><![CDATA[Tue, 03 Dec 2013 14:22:35 +0100]]></pubDate><title><![CDATA[Miskant olbrzymi]]></title><url><![CDATA[miscanthus]]></url><meta><![CDATA[]]></meta><metad><![CDATA[]]></metad><menu><![CDATA[Miskant olbrzymi]]></menu><menuStatus><![CDATA[Y]]></menuStatus><template><![CDATA[template.php]]></template><parent><![CDATA[]]></parent><private><![CDATA[]]></private><author><![CDATA[rosko]]></author><menuOrder><![CDATA[2]]></menuOrder><slug><![CDATA[miscanthus]]></slug><filename><![CDATA[miscanthus.xml]]></filename></item><item><url>search</url><pubDate><![CDATA[Wed, 04 Dec 2013 11:10:07 +0100]]></pubDate><title><![CDATA[Szukaj]]></title><url><![CDATA[search]]></url><meta><![CDATA[]]></meta><metad><![CDATA[]]></metad><menu><![CDATA[Szukaj]]></menu><menuStatus><![CDATA[Y]]></menuStatus><template><![CDATA[template.php]]></template><parent><![CDATA[]]></parent><private><![CDATA[]]></private><author><![CDATA[rosko]]></author><menuOrder><![CDATA[6]]></menuOrder><creDate><![CDATA[Tue, 03 Dec 2013 15:26:01 +0100]]></creDate><user><![CDATA[rosko]]></user><slug><![CDATA[search]]></slug><filename><![CDATA[search.xml]]></filename></item><item><url>news-20131204-1130</url><pubDate><![CDATA[Wed, 04 Dec 2013 11:30:51 +0100]]></pubDate><title><![CDATA[Test news]]></title><url><![CDATA[news-20131204-1130]]></url><metad><![CDATA[]]></metad><menu><![CDATA[]]></menu><menuStatus><![CDATA[]]></menuStatus><template><![CDATA[news.php]]></template><parent><![CDATA[index]]></parent><private><![CDATA[]]></private><author><![CDATA[rosko]]></author><meta><![CDATA[_special_news, news]]></meta><special><![CDATA[news]]></special><creDate><![CDATA[Wed, 04 Dec 2013 11:30:51 +0100]]></creDate><user><![CDATA[rosko]]></user><menuOrder><![CDATA[1]]></menuOrder><slug><![CDATA[news-20131204-1130]]></slug><filename><![CDATA[news-20131204-1130.xml]]></filename></item><item><url>company</url><pubDate><![CDATA[Tue, 03 Dec 2013 17:03:44 +0100]]></pubDate><title><![CDATA[O firmie]]></title><url><![CDATA[company]]></url><meta><![CDATA[]]></meta><metad><![CDATA[]]></metad><menu><![CDATA[Firma]]></menu><menuStatus><![CDATA[Y]]></menuStatus><template><![CDATA[template.php]]></template><parent><![CDATA[]]></parent><private><![CDATA[]]></private><author><![CDATA[rosko]]></author><menuOrder><![CDATA[1]]></menuOrder><slug><![CDATA[company]]></slug><filename><![CDATA[company.xml]]></filename></item><item><url>gallery</url><pubDate><![CDATA[Tue, 03 Dec 2013 14:27:05 +0100]]></pubDate><title><![CDATA[Galeria]]></title><url><![CDATA[gallery]]></url><meta><![CDATA[]]></meta><metad><![CDATA[]]></metad><menu><![CDATA[Galeria]]></menu><menuStatus><![CDATA[Y]]></menuStatus><template><![CDATA[template.php]]></template><parent><![CDATA[]]></parent><private><![CDATA[]]></private><author><![CDATA[rosko]]></author><menuOrder><![CDATA[4]]></menuOrder><slug><![CDATA[gallery]]></slug><filename><![CDATA[gallery.xml]]></filename></item><item><url>offer</url><pubDate><![CDATA[Thu, 05 Dec 2013 13:40:56 +0100]]></pubDate><title><![CDATA[Oferta]]></title><url><![CDATA[offer]]></url><meta><![CDATA[]]></meta><metad><![CDATA[]]></metad><menu><![CDATA[Oferta]]></menu><menuStatus><![CDATA[Y]]></menuStatus><template><![CDATA[full-width.php]]></template><parent><![CDATA[]]></parent><private><![CDATA[]]></private><author><![CDATA[rosko]]></author><menuOrder><![CDATA[3]]></menuOrder><creDate><![CDATA[Tue, 03 Dec 2013 14:25:31 +0100]]></creDate><user><![CDATA[rosko]]></user><slug><![CDATA[offer]]></slug><filename><![CDATA[offer.xml]]></filename></item></channel>
