<?xml version="1.0" encoding="UTF-8"?>
<pages><page><url><![CDATA[index]]></url><menu_en><![CDATA[Home]]></menu_en><title_en><![CDATA[Welcome]]></title_en><menuStatus><![CDATA[Y]]></menuStatus><menuOrder><![CDATA[0]]></menuOrder><menu><![CDATA[Główna]]></menu><title><![CDATA[Strona główna]]></title><parent><![CDATA[]]></parent><private><![CDATA[]]></private><tags><![CDATA[getsimple, easy, content management system]]></tags></page><page><url><![CDATA[company]]></url><menuStatus><![CDATA[Y]]></menuStatus><menuOrder><![CDATA[1]]></menuOrder><menu><![CDATA[Firma]]></menu><title><![CDATA[O firmie]]></title><parent><![CDATA[]]></parent><private><![CDATA[]]></private><tags><![CDATA[]]></tags></page><page><url><![CDATA[miscanthus]]></url><menuStatus><![CDATA[Y]]></menuStatus><menuOrder><![CDATA[2]]></menuOrder><menu><![CDATA[Miskant olbrzymi]]></menu><title><![CDATA[Miskant olbrzymi]]></title><parent><![CDATA[]]></parent><private><![CDATA[]]></private><tags><![CDATA[]]></tags></page><page><url><![CDATA[offer]]></url><menuStatus><![CDATA[Y]]></menuStatus><menuOrder><![CDATA[3]]></menuOrder><menu><![CDATA[Oferta]]></menu><title><![CDATA[Oferta]]></title><parent><![CDATA[]]></parent><private><![CDATA[]]></private><tags><![CDATA[]]></tags></page><page><url><![CDATA[gallery]]></url><menuStatus><![CDATA[Y]]></menuStatus><menuOrder><![CDATA[4]]></menuOrder><menu><![CDATA[Galeria]]></menu><title><![CDATA[Galeria]]></title><parent><![CDATA[]]></parent><private><![CDATA[]]></private><tags><![CDATA[]]></tags></page><page><url><![CDATA[contact]]></url><menuStatus><![CDATA[Y]]></menuStatus><menuOrder><![CDATA[5]]></menuOrder><menu><![CDATA[Kontakt]]></menu><title><![CDATA[Kontakt]]></title><parent><![CDATA[]]></parent><private><![CDATA[]]></private><tags><![CDATA[]]></tags></page><page><url><![CDATA[search]]></url><menuStatus><![CDATA[Y]]></menuStatus><menuOrder><![CDATA[6]]></menuOrder><menu><![CDATA[Szukaj]]></menu><title><![CDATA[Szukaj]]></title><parent><![CDATA[]]></parent><private><![CDATA[]]></private><tags><![CDATA[]]></tags></page><page><url><![CDATA[news-20131204-1153]]></url><menuStatus><![CDATA[]]></menuStatus><menuOrder><![CDATA[0]]></menuOrder><menu><![CDATA[]]></menu><title><![CDATA[Nowy news]]></title><parent><![CDATA[index]]></parent><private><![CDATA[]]></private><tags><![CDATA[_special_news, news]]></tags></page><page><url><![CDATA[news-20131204-1130]]></url><menuStatus><![CDATA[]]></menuStatus><menuOrder><![CDATA[1]]></menuOrder><menu><![CDATA[]]></menu><title><![CDATA[Test news]]></title><parent><![CDATA[index]]></parent><private><![CDATA[]]></private><tags><![CDATA[_special_news, news]]></tags></page></pages>
