<?xml version="1.0" encoding="UTF-8"?>
<gallery><title><![CDATA[Slider]]></title><name><![CDATA[slider]]></name><type><![CDATA[cycle]]></type><width><![CDATA[1920]]></width><height><![CDATA[366]]></height><textpos><![CDATA[overlay]]></textpos><textwidth><![CDATA[120]]></textwidth><interval><![CDATA[4600]]></interval><effect><![CDATA[fade]]></effect><navtype><![CDATA[images]]></navtype><item><filename><![CDATA[slider/komputery-1.png]]></filename><title><![CDATA[Komputery]]></title><tags><![CDATA[Subtext]]></tags><description><![CDATA[Description]]></description><longitude><![CDATA[]]></longitude><latitude><![CDATA[]]></latitude><size><![CDATA[1179487]]></size><width><![CDATA[1920]]></width><height><![CDATA[366]]></height><width>1920</width><height>366</height><size>1179487</size></item><item><filename><![CDATA[slider/maszyny-1.png]]></filename><title><![CDATA[Maszyny]]></title><tags><![CDATA[]]></tags><description><![CDATA[]]></description><longitude><![CDATA[]]></longitude><latitude><![CDATA[]]></latitude><size><![CDATA[1045992]]></size><width><![CDATA[1920]]></width><height><![CDATA[366]]></height><width>1920</width><height>366</height><size>1045992</size></item><item><filename><![CDATA[slider/miskant-1.png]]></filename><title><![CDATA[Miskant olbrzymi]]></title><tags><![CDATA[]]></tags><description><![CDATA[]]></description><longitude><![CDATA[]]></longitude><latitude><![CDATA[]]></latitude><size><![CDATA[1461439]]></size><width><![CDATA[1920]]></width><height><![CDATA[366]]></height><width>1920</width><height>366</height><size>1461439</size></item><item><filename><![CDATA[slider/zaklady-1.png]]></filename><title><![CDATA[Zakłady]]></title><tags><![CDATA[]]></tags><description><![CDATA[]]></description><longitude><![CDATA[]]></longitude><latitude><![CDATA[]]></latitude><size><![CDATA[1265963]]></size><width><![CDATA[1920]]></width><height><![CDATA[366]]></height><width>1920</width><height>366</height><size>1265963</size></item></gallery>
