<?xml version="1.0" encoding="UTF-8"?>
<item><pubDate>Tue, 03 Dec 2013 14:07:47 +0100</pubDate><title><![CDATA[Welcome]]></title><url><![CDATA[index_en]]></url><meta><![CDATA[]]></meta><metad><![CDATA[]]></metad><menu><![CDATA[Home]]></menu><menuOrder><![CDATA[0]]></menuOrder><menuStatus><![CDATA[Y]]></menuStatus><template><![CDATA[template.php]]></template><content><![CDATA[&lt;p&gt;This is english version of homepage.&lt;/p&gt;
]]></content><author><![CDATA[rosko]]></author><parent><![CDATA[]]></parent><private><![CDATA[]]></private></item>
