<?xml version="1.0" encoding="UTF-8"?>
<gallery><title><![CDATA[Slider]]></title><name><![CDATA[slider]]></name><type><![CDATA[s3slider]]></type><width><![CDATA[1920]]></width><height><![CDATA[366]]></height><crop><![CDATA[1]]></crop><textpos><![CDATA[bottom]]></textpos><interval><![CDATA[3600]]></interval><item><filename><![CDATA[miskant-olbrzymi.png]]></filename><title><![CDATA[Title]]></title><tags><![CDATA[Text]]></tags><description><![CDATA[A to co]]></description><longitude><![CDATA[]]></longitude><latitude><![CDATA[]]></latitude><size><![CDATA[1461439]]></size><width><![CDATA[1920]]></width><height><![CDATA[366]]></height><width>1920</width><height>366</height><size>1461439</size></item><item><filename><![CDATA[zaklad.png]]></filename><title><![CDATA[Zaklad]]></title><tags><![CDATA[]]></tags><description><![CDATA[]]></description><longitude><![CDATA[]]></longitude><latitude><![CDATA[]]></latitude><size><![CDATA[1265963]]></size><width><![CDATA[1920]]></width><height><![CDATA[366]]></height><width>1920</width><height>366</height><size>1265963</size></item></gallery>
