<?xml version="1.0" encoding="UTF-8"?>
<item><pubDate>Thu, 05 Dec 2013 17:37:57 +0100</pubDate><title><![CDATA[Kontakt]]></title><url><![CDATA[contact]]></url><meta><![CDATA[]]></meta><metad><![CDATA[]]></metad><menu><![CDATA[Kontakt]]></menu><menuStatus><![CDATA[Y]]></menuStatus><template><![CDATA[template.php]]></template><parent><![CDATA[]]></parent><content><![CDATA[&lt;p&gt;[sc_form]&lt;/p&gt;
]]></content><private><![CDATA[]]></private><author><![CDATA[doran]]></author><menuOrder><![CDATA[5]]></menuOrder><creDate>Tue, 03 Dec 2013 17:24:48 +0100</creDate><user><![CDATA[doran]]></user></item>
