<?xml version="1.0" encoding="UTF-8"?>
<item><pubDate>Thu, 05 Dec 2013 13:22:44 +0100</pubDate><title><![CDATA[Ruska strona główna]]></title><url><![CDATA[index_ru]]></url><meta><![CDATA[]]></meta><metad><![CDATA[]]></metad><menuOrder><![CDATA[0]]></menuOrder><menuStatus><![CDATA[]]></menuStatus><template><![CDATA[template.php]]></template><content><![CDATA[&lt;p&gt;Ruska.&lt;/p&gt;
]]></content><author><![CDATA[rosko]]></author><parent><![CDATA[]]></parent><private><![CDATA[]]></private><menu><![CDATA[]]></menu><creDate>Thu, 05 Dec 2013 13:22:44 +0100</creDate><user><![CDATA[rosko]]></user></item>
