<?xml version="1.0" encoding="UTF-8"?>
<item><pubDate>Wed, 04 Dec 2013 14:29:17 +0100</pubDate><title><![CDATA[Strona główna]]></title><url><![CDATA[index]]></url><meta><![CDATA[getsimple, easy, content management system]]></meta><metad><![CDATA[]]></metad><menu><![CDATA[Główna]]></menu><menuOrder><![CDATA[0]]></menuOrder><menuStatus><![CDATA[Y]]></menuStatus><template><![CDATA[homepage.php]]></template><parent><![CDATA[]]></parent><content><![CDATA[&lt;h4 class=\&quot;main-heading\&quot;&gt;Na temat &lt;span class=\&quot;rounded\&quot;&gt;firmy&lt;/span&gt;&lt;/h4&gt;
&lt;p&gt;Thank you for using GetSimple CMS. This is your homepage, so please change this text to be what you want.&lt;/p&gt;
&lt;ul&gt;
	&lt;li&gt;&lt;a href=\&quot;http://get-simple.info/wiki/\&quot;&gt;GetSimple CMS Documentation&lt;/a&gt;
		&lt;ul&gt;
			&lt;li&gt;&lt;a href=\&quot;http://get-simple.info/wiki/themes:creation\&quot;&gt;How to Create a GetSimple Theme&lt;/a&gt;&lt;/li&gt;
		&lt;/ul&gt;
	&lt;/li&gt;
	&lt;li&gt;&lt;a href=\&quot;http://get-simple.info/forum/\&quot;&gt;GetSimple Support Forums&lt;/a&gt;&lt;/li&gt;
&lt;/ul&gt;
&lt;h2&gt;Header 2&lt;/h2&gt;
&lt;p&gt;Lorem ipsum &lt;em&gt;dolor sit amet&lt;/em&gt;, &lt;strong&gt;consectetur adipiscing elit&lt;/strong&gt;. Donec &lt;code&gt;this is code&lt;/code&gt; venenatis augue. Class aptent taciti sociosqu ad litora torquent per conubia nostra, per inceptos himenaeos. Class aptent taciti sociosqu ad litora torquent per conubia nostra, per inceptos himenaeos. Integer vulputate pretium augue.&lt;/p&gt;
&lt;h3&gt;Header 3&lt;/h3&gt;
&lt;pre&gt;&lt;code&gt;#header h1 a { 
	display: block; 
	width: 300px; 
	height: 80px; 
}&lt;/code&gt;&lt;/pre&gt;
&lt;h4&gt;Header 4&lt;/h4&gt;
&lt;ol&gt;
	&lt;li&gt;Lorem ipsum dolor sit amet&lt;/li&gt;
	&lt;li&gt;Consectetur adipiscing elit&lt;/li&gt;
	&lt;li&gt;Donec ut est risus, placerat venenatis augue&lt;/li&gt;
&lt;/ol&gt;
&lt;blockquote&gt;A blockquote. Lorem ipsum dolor sit amet, consectetur adipiscing elit. Donec ut est risus, placerat venenatis augue. Class aptent taciti sociosqu ad litora torquent per conubia nostra, per inceptos himenaeos.&lt;/blockquote&gt;
&lt;p class=\&quot;lead expose\&quot;&gt;This is expose!&lt;/p&gt;
&lt;p&gt;Vivamus a augue convallis, adipiscing lectus eget, tristique est. Integer hendrerit massa pulvinar dolor hendrerit sagittis. Aliquam nec est porttitor elit porttitor dapibus. Sed vel odio sed sapien interdum pretium. Proin condimentum interdum dui, nec faucibus sem condimentum sit amet. Nulla posuere orci convallis erat fermentum, a vehicula augue mattis. Donec quis suscipit elit. Quisque pharetra at nulla et aliquam.&lt;/p&gt;
&lt;pre&gt;Pre test&lt;/pre&gt;
&lt;div class=\&quot;well\&quot;&gt;this is well&lt;/div&gt;
]]></content><private><![CDATA[]]></private><author><![CDATA[rosko]]></author><creDate>Tue, 03 Dec 2013 17:13:54 +0100</creDate><user><![CDATA[rosko]]></user></item>
