<?xml version="1.0" encoding="UTF-8"?>
<item><pubDate>Wed, 04 Dec 2013 11:54:04 +0100</pubDate><title><![CDATA[Nowy news]]></title><url><![CDATA[news-20131204-1153]]></url><metad><![CDATA[]]></metad><menu><![CDATA[]]></menu><menuOrder><![CDATA[0]]></menuOrder><menuStatus><![CDATA[]]></menuStatus><template><![CDATA[news.php]]></template><parent><![CDATA[index]]></parent><content><![CDATA[&lt;p&gt;test&lt;/p&gt;
]]></content><private><![CDATA[]]></private><author><![CDATA[rosko]]></author><meta><![CDATA[_special_news, news]]></meta><special>news</special><creDate>Wed, 04 Dec 2013 11:54:04 +0100</creDate><user><![CDATA[rosko]]></user></item>
