<?xml version="1.0" encoding="UTF-8"?>
<item><pubDate>Thu, 05 Dec 2013 13:40:56 +0100</pubDate><title><![CDATA[Oferta]]></title><url><![CDATA[offer]]></url><meta><![CDATA[]]></meta><metad><![CDATA[]]></metad><menu><![CDATA[Oferta]]></menu><menuStatus><![CDATA[Y]]></menuStatus><template><![CDATA[full-width.php]]></template><parent><![CDATA[]]></parent><content><![CDATA[&lt;p&gt;Full width.&lt;/p&gt;
]]></content><private><![CDATA[]]></private><author><![CDATA[rosko]]></author><menuOrder><![CDATA[3]]></menuOrder><creDate>Tue, 03 Dec 2013 14:25:31 +0100</creDate><user><![CDATA[rosko]]></user></item>
