<?xml version="1.0" encoding="UTF-8"?>
<settings><contentWeight><![CDATA[1]]></contentWeight><titleWeight><![CDATA[5]]></titleWeight><tagWeight><![CDATA[10]]></tagWeight><tagMode><![CDATA[2]]></tagMode><minTagSize><![CDATA[100]]></minTagSize><maxTagSize><![CDATA[250]]></maxTagSize><max><![CDATA[10]]></max><numWords><![CDATA[30]]></numWords><showTags><![CDATA[0]]></showTags><showLanguage><![CDATA[1]]></showLanguage><showDate><![CDATA[1]]></showDate><showPaging><![CDATA[1]]></showPaging><mark><![CDATA[0]]></mark></settings>
