<?xml version="1.0" encoding="UTF-8"?>
<channel><item><title><![CDATA[footer-clients]]></title><slug>footer-clients</slug><value><![CDATA[&lt;h4 class=\&quot;footer-heading\&quot;&gt;Opinie&lt;/h4&gt;
&lt;ul class=\&quot;fancy-list\&quot;&gt;
&lt;li&gt;
&lt;div class=\&quot;company row\&quot;&gt;
&lt;div class=\&quot;pic col-md-3 col-xs-2\&quot;&gt;
&lt;figure&gt;
&lt;img src=\&quot;http://placehold.it/82x82\&quot; class=\&quot;img-responsive\&quot; alt=\&quot;Client 1\&quot;&gt;
&lt;/figure&gt;
&lt;/div&gt;
&lt;div class=\&quot;info col-md-9 col-xs-10\&quot;&gt;
&lt;p class=\&quot;description\&quot;&gt;Lorem ipsum dolor sit amet, consectetur adipiscing elit. Nulla ut pulvinar nibh, quis faucibus neque. Etiam in leo nisl. Etiam.&lt;/p&gt;
&lt;p class=\&quot;name text-right\&quot;&gt;Company Name&lt;span class=\&quot;quote\&quot;&gt;&lt;i class=\&quot;fa fa-quote-right fa-3x\&quot;&gt;&lt;/i&gt;&lt;/span&gt;&lt;/p&gt;
&lt;/div&gt;
&lt;/div&gt;
&lt;/li&gt;
&lt;li&gt;
&lt;div class=\&quot;company row\&quot;&gt;
&lt;div class=\&quot;pic col-md-3 col-xs-2\&quot;&gt;
&lt;figure&gt;
&lt;img src=\&quot;http://placehold.it/82x82\&quot; class=\&quot;img-responsive\&quot; alt=\&quot;Client 2\&quot;&gt;
&lt;/figure&gt;
&lt;/div&gt;
&lt;div class=\&quot;info col-md-9 col-xs-10\&quot;&gt;
&lt;p class=\&quot;description\&quot;&gt;Lorem ipsum dolor sit amet, consectetur adipiscing elit. Nulla ut pulvinar nibh, quis faucibus neque. Etiam in leo nisl. Etiam.&lt;/p&gt;
&lt;p class=\&quot;name text-right\&quot;&gt;Company Name&lt;span class=\&quot;quote\&quot;&gt;&lt;i class=\&quot;fa fa-quote-right fa-3x\&quot;&gt;&lt;/i&gt;&lt;/span&gt;&lt;/p&gt;
&lt;/div&gt;
&lt;/div&gt;
&lt;/li&gt;
&lt;/ul&gt;]]></value></item><item><title><![CDATA[footer-contact]]></title><slug>footer-contact</slug><value><![CDATA[&lt;h4 class=\&quot;footer-heading\&quot;&gt;Kontakt&lt;/h4&gt;    
&lt;address&gt;
&lt;strong&gt;Andrzej Rogulski, DORAN.&lt;/strong&gt;&lt;br/&gt;
ul. Kościuszki 22&lt;br/&gt;
89-400 Sępólno Krajeńskie&lt;br/&gt;
&lt;/address&gt;

&lt;div class=\&quot;contact-info rounded\&quot;&gt;
&lt;div class=\&quot;row\&quot;&gt;
&lt;div class=\&quot;col-md-3 col-md-offset-1 col-xs-2 col-xs-offset-1\&quot;&gt;
&lt;div class=\&quot;phone-icon\&quot;&gt;&lt;i class=\&quot;fa fa-phone fa-5x\&quot;&gt;&lt;/i&gt;&lt;/div&gt;
&lt;/div&gt;
&lt;div class=\&quot;col-md-8 col-xs-9\&quot;&gt;
&lt;p class=\&quot;call-us\&quot;&gt;&lt;span&gt;052 388 00 20&lt;/span&gt;&lt;br/&gt;Zadzwoń do nas już dziś!&lt;/p&gt;
&lt;/div&gt;
&lt;/div&gt;
&lt;hr class=\&quot;separator\&quot;&gt;
&lt;div class=\&quot;row\&quot;&gt;
&lt;div class=\&quot;col-md-3 col-md-offset-1 col-xs-2 col-xs-offset-1\&quot;&gt;
&lt;div class=\&quot;mail-icon\&quot;&gt;&lt;i class=\&quot;fa fa-envelope-o fa-2x\&quot;&gt;&lt;/i&gt;&lt;/div&gt;
&lt;/div&gt;
&lt;div class=\&quot;col-md-8 col-xs-9\&quot;&gt;
&lt;p class=\&quot;mail-address\&quot;&gt;&lt;a href=\&quot;#\&quot;&gt;info@doran.info.pl&lt;/a&gt;&lt;/p&gt;
&lt;/div&gt;
&lt;/div&gt;
&lt;/div&gt;]]></value></item><item><title><![CDATA[footer-keywords]]></title><slug>footer-keywords</slug><value><![CDATA[&lt;ul class=\&quot;list-inline\&quot;&gt;
&lt;li&gt;miskant olbrzymi&lt;/li&gt;
&lt;li&gt;sadzonki miskanta olbrzymiego&lt;/li&gt;
&lt;li&gt;miskant olbrzymi sadzonki&lt;/li&gt; 
&lt;li&gt;miskant sadzonki&lt;/li&gt;
&lt;li&gt;miskant, biomasa&lt;/li&gt;
&lt;li&gt;pellet ze słomy&lt;/li&gt;
&lt;li&gt;pelety ze słomy&lt;/li&gt;
&lt;/ul&gt;]]></value></item><item><title><![CDATA[footer-keywords_en]]></title><slug>footer-keywords_en</slug><value><![CDATA[&lt;ul class=\&quot;list-inline\&quot;&gt;
&lt;li&gt;miscanthus giganteus&lt;/li&gt;
&lt;li&gt;miscanthus giganteus seedlings&lt;/li&gt;
&lt;li&gt;biomass&lt;/li&gt;
&lt;li&gt;miscanthus seedlings&lt;/li&gt;
&lt;li&gt;pellet&lt;/li&gt;
&lt;li&gt;straw pellets&lt;/li&gt;
&lt;/ul&gt;]]></value></item><item><title><![CDATA[footer-nav]]></title><slug>footer-nav</slug><value><![CDATA[&lt;h4 class=\&quot;footer-heading\&quot;&gt;Mapa Strony&lt;/h4&gt;   
&lt;ul class=\&quot;fancy-list\&quot;&gt;
&lt;?php get_i18n_navigation(return_page_slug()); ?&gt;
&lt;/ul&gt;]]></value></item><item><title><![CDATA[homepage-partners]]></title><slug>homepage-partners</slug><value><![CDATA[&lt;h4 class=\&quot;main-heading\&quot;&gt;Nasi &lt;span class=\&quot;rounded\&quot;&gt;partnerzy&lt;/span&gt;&lt;/h4&gt;]]></value></item><item><title><![CDATA[homepage-thumbnail-left]]></title><slug>homepage-thumbnail-left</slug><value><![CDATA[&lt;div class=\&quot;pic text-center\&quot;&gt;
&lt;a href=\&quot;#\&quot;&gt;
&lt;figure&gt;
&lt;img src=\&quot;http://placehold.it/358x140\&quot; class=\&quot;img-responsive\&quot; alt=\&quot;\&quot;&gt;
&lt;/figure&gt;
&lt;div class=\&quot;zoom-in\&quot;&gt;
&lt;i class=\&quot;fa fa-search fa-3x\&quot;&gt;&lt;/i&gt;
&lt;/div&gt;
&lt;/a&gt;
&lt;/div&gt;
&lt;div class=\&quot;description text-center\&quot;&gt;
&lt;h3&gt;Lorem Ipsum&lt;/h3&gt;
&lt;p&gt;Some description text&lt;/p&gt;
&lt;/div&gt;]]></value></item><item><title><![CDATA[homepage-thumbnail-middle]]></title><slug>homepage-thumbnail-middle</slug><value><![CDATA[&lt;div class=\&quot;pic text-center\&quot;&gt;
&lt;a href=\&quot;#\&quot;&gt;
&lt;figure&gt;
&lt;img src=\&quot;http://placehold.it/358x140\&quot; class=\&quot;img-responsive\&quot; alt=\&quot;\&quot;&gt;
&lt;/figure&gt;
&lt;div class=\&quot;zoom-in\&quot;&gt;
&lt;i class=\&quot;fa fa-search fa-3x\&quot;&gt;&lt;/i&gt;
&lt;/div&gt;
&lt;/a&gt;
&lt;/div&gt;
&lt;div class=\&quot;description text-center\&quot;&gt;
&lt;h3&gt;Lorem Ipsum&lt;/h3&gt;
&lt;p&gt;Some description text&lt;/p&gt;
&lt;/div&gt;]]></value></item><item><title><![CDATA[homepage-thumbnail-right]]></title><slug>homepage-thumbnail-right</slug><value><![CDATA[&lt;div class=\&quot;pic text-center\&quot;&gt;
&lt;a href=\&quot;#\&quot;&gt;
&lt;figure&gt;
&lt;img src=\&quot;http://placehold.it/358x140\&quot; class=\&quot;img-responsive\&quot; alt=\&quot;\&quot;&gt;
&lt;/figure&gt;
&lt;div class=\&quot;zoom-in\&quot;&gt;
&lt;i class=\&quot;fa fa-search fa-3x\&quot;&gt;&lt;/i&gt;
&lt;/div&gt;
&lt;/a&gt;
&lt;/div&gt;
&lt;div class=\&quot;description text-center\&quot;&gt;
&lt;h3&gt;Lorem Ipsum&lt;/h3&gt;
&lt;p&gt;Some description text&lt;/p&gt;
&lt;/div&gt;]]></value></item><item><title><![CDATA[sidebar]]></title><slug>sidebar</slug><value><![CDATA[&lt;div class=\&quot;panel panel-default\&quot;&gt;
&lt;!-- Default panel contents --&gt;
&lt;div class=\&quot;panel-heading\&quot;&gt;Panel heading&lt;/div&gt;
&lt;div class=\&quot;panel-body\&quot;&gt;
&lt;p&gt;...&lt;/p&gt;
&lt;/div&gt;

&lt;!-- List group --&gt;
&lt;ul class=\&quot;list-group\&quot;&gt;
&lt;li class=\&quot;list-group-item\&quot;&gt;Cras justo odio&lt;/li&gt;
&lt;li class=\&quot;list-group-item\&quot;&gt;Dapibus ac facilisis in&lt;/li&gt;
&lt;li class=\&quot;list-group-item\&quot;&gt;Morbi leo risus&lt;/li&gt;
&lt;li class=\&quot;list-group-item\&quot;&gt;Porta ac consectetur ac&lt;/li&gt;
&lt;li class=\&quot;list-group-item\&quot;&gt;Vestibulum at eros&lt;/li&gt;
&lt;/ul&gt;
&lt;/div&gt;]]></value></item></channel>
