<?xml version="1.0"?>
<channel><item><url>index_en</url><pubDate><![CDATA[Tue, 03 Dec 2013 14:07:47 +0100]]></pubDate><title><![CDATA[Welcome]]></title><url><![CDATA[index_en]]></url><meta><![CDATA[]]></meta><metad><![CDATA[]]></metad><menu><![CDATA[Home]]></menu><menuOrder><![CDATA[0]]></menuOrder><menuStatus><![CDATA[Y]]></menuStatus><template><![CDATA[template.php]]></template><author><![CDATA[rosko]]></author><parent><![CDATA[]]></parent><private><![CDATA[]]></private><slug><![CDATA[index_en]]></slug><filename><![CDATA[index_en.xml]]></filename></item><item><url>index</url><pubDate><![CDATA[Tue, 03 Dec 2013 14:43:21 +0100]]></pubDate><title><![CDATA[Strona główna]]></title><url><![CDATA[index]]></url><meta><![CDATA[getsimple, easy, content management system]]></meta><metad><![CDATA[]]></metad><menu><![CDATA[Główna]]></menu><menuStatus><![CDATA[Y]]></menuStatus><template><![CDATA[homepage.php]]></template><parent><![CDATA[]]></parent><private><![CDATA[]]></private><author><![CDATA[rosko]]></author><menuOrder><![CDATA[0]]></menuOrder><slug><![CDATA[index]]></slug><filename><![CDATA[index.xml]]></filename></item><item><url>contact</url><pubDate><![CDATA[Tue, 03 Dec 2013 14:29:31 +0100]]></pubDate><title><![CDATA[Kontakt]]></title><url><![CDATA[contact]]></url><meta><![CDATA[]]></meta><metad><![CDATA[]]></metad><menu><![CDATA[Kontakt]]></menu><menuStatus><![CDATA[Y]]></menuStatus><template><![CDATA[template.php]]></template><parent><![CDATA[]]></parent><private><![CDATA[]]></private><author><![CDATA[rosko]]></author><menuOrder><![CDATA[5]]></menuOrder><slug><![CDATA[contact]]></slug><filename><![CDATA[contact.xml]]></filename></item><item><url>miscanthus</url><pubDate><![CDATA[Tue, 03 Dec 2013 14:22:35 +0100]]></pubDate><title><![CDATA[Miskant olbrzymi]]></title><url><![CDATA[miscanthus]]></url><meta><![CDATA[]]></meta><metad><![CDATA[]]></metad><menu><![CDATA[Miskant olbrzymi]]></menu><menuStatus><![CDATA[Y]]></menuStatus><template><![CDATA[template.php]]></template><parent><![CDATA[]]></parent><private><![CDATA[]]></private><author><![CDATA[rosko]]></author><menuOrder><![CDATA[2]]></menuOrder><slug><![CDATA[miscanthus]]></slug><filename><![CDATA[miscanthus.xml]]></filename></item><item><url>search</url><pubDate><![CDATA[Tue, 03 Dec 2013 15:26:01 +0100]]></pubDate><title><![CDATA[Szukaj]]></title><url><![CDATA[search]]></url><meta><![CDATA[]]></meta><metad><![CDATA[]]></metad><menu><![CDATA[Szukaj]]></menu><menuStatus><![CDATA[Y]]></menuStatus><template><![CDATA[template.php]]></template><parent><![CDATA[]]></parent><private><![CDATA[]]></private><author><![CDATA[rosko]]></author><menuOrder><![CDATA[6]]></menuOrder><slug><![CDATA[search]]></slug><filename><![CDATA[search.xml]]></filename></item><item><url>company</url><pubDate><![CDATA[Tue, 03 Dec 2013 17:03:44 +0100]]></pubDate><title><![CDATA[O firmie]]></title><url><![CDATA[company]]></url><meta><![CDATA[]]></meta><metad><![CDATA[]]></metad><menu><![CDATA[Firma]]></menu><menuStatus><![CDATA[Y]]></menuStatus><template><![CDATA[template.php]]></template><parent><![CDATA[]]></parent><private><![CDATA[]]></private><author><![CDATA[rosko]]></author><menuOrder><![CDATA[1]]></menuOrder><slug><![CDATA[company]]></slug><filename><![CDATA[company.xml]]></filename></item><item><url>gallery</url><pubDate><![CDATA[Tue, 03 Dec 2013 14:27:05 +0100]]></pubDate><title><![CDATA[Galeria]]></title><url><![CDATA[gallery]]></url><meta><![CDATA[]]></meta><metad><![CDATA[]]></metad><menu><![CDATA[Galeria]]></menu><menuStatus><![CDATA[Y]]></menuStatus><template><![CDATA[template.php]]></template><parent><![CDATA[]]></parent><private><![CDATA[]]></private><author><![CDATA[rosko]]></author><menuOrder><![CDATA[4]]></menuOrder><slug><![CDATA[gallery]]></slug><filename><![CDATA[gallery.xml]]></filename></item><item><url>offer</url><pubDate><![CDATA[Tue, 03 Dec 2013 14:25:31 +0100]]></pubDate><title><![CDATA[Oferta]]></title><url><![CDATA[offer]]></url><meta><![CDATA[]]></meta><metad><![CDATA[]]></metad><menu><![CDATA[Oferta]]></menu><menuStatus><![CDATA[Y]]></menuStatus><template><![CDATA[template.php]]></template><parent><![CDATA[]]></parent><private><![CDATA[]]></private><author><![CDATA[rosko]]></author><menuOrder><![CDATA[3]]></menuOrder><slug><![CDATA[offer]]></slug><filename><![CDATA[offer.xml]]></filename></item></channel>
