<?xml version="1.0" encoding="UTF-8"?>
<item><pubDate>Tue, 03 Dec 2013 17:24:48 +0100</pubDate><title><![CDATA[Kontakt]]></title><url><![CDATA[contact]]></url><meta><![CDATA[]]></meta><metad><![CDATA[]]></metad><menu><![CDATA[Kontakt]]></menu><menuStatus><![CDATA[Y]]></menuStatus><template><![CDATA[template.php]]></template><parent><![CDATA[]]></parent><content><![CDATA[&lt;p&gt;Kontakt, z administracja.&lt;/p&gt;
]]></content><private><![CDATA[]]></private><author><![CDATA[rosko]]></author><menuOrder><![CDATA[5]]></menuOrder></item>
