<?xml version="1.0" encoding="UTF-8"?>
<item><pubDate>Wed, 04 Dec 2013 11:30:51 +0100</pubDate><title>Test news</title><url>news-20131204-1130</url><metad></metad><menu></menu><menuStatus></menuStatus><template>news.php</template><parent>index</parent><content>&amp;lt;p&amp;gt;News&amp;lt;/p&amp;gt;
</content><private></private><author>rosko</author><meta>_special_news, news</meta><special>news</special><creDate>Wed, 04 Dec 2013 11:30:51 +0100</creDate><user>rosko</user><menuOrder><![CDATA[1]]></menuOrder></item>
